user_id,task_id,time,page_type,episode_start,domain,url,transition,domain_status,query_status,action,duration,duration_cut,process,domain_type,domain_area
1012,8,2024-04-09 13:05:30.008000+00:00,SYSTEM,True,TASK_STARTED,TASK_STARTED,generated,UNKNOWN,UNKNOWN,TASK_STARTED,18.856,0.0,UNKNOWN,SYSTEM,SYSTEM
1012,8,2024-04-09 13:05:48.864000+00:00,SYSTEM,False,PRE_SURVEY_STARTED,PRE_SURVEY_STARTED,generated,UNKNOWN,UNKNOWN,PRE_SURVEY_STARTED,127.278,0.0,UNKNOWN,SYSTEM,SYSTEM
1012,8,2024-04-09 13:07:56.142000+00:00,SYSTEM,False,PRE_SURVEY_ENDED,PRE_SURVEY_ENDED,generated,UNKNOWN,UNKNOWN,PRE_SURVEY_ENDED,0.003,0.0,UNKNOWN,SYSTEM,SYSTEM
1012,8,2024-04-09 13:07:56.145000+00:00,SYSTEM,False,SEARCH_STARTED,SEARCH_STARTED,generated,UNKNOWN,UNKNOWN,SEARCH_STARTED,3.0,0.0,UNKNOWN,SYSTEM,SYSTEM
1012,8,2024-04-09 13:07:59.145000+00:00,SYSTEM,False,SEARCH_RESUMED,SEARCH_RESUMED,generated,UNKNOWN,UNKNOWN,SEARCH_RESUMED,26.272,0.0,UNKNOWN,SYSTEM,SYSTEM
1012,8,2024-04-09 13:08:25.417000+00:00,NEW_TAB,False,newtab,chrome://newtab/,typed,NEW,UNKNOWN,NEW_TAB,26.308,0.0,UNKNOWN,UNKNOWN,UNKNOWN
1012,8,2024-04-09 13:08:51.725000+00:00,SEARCH_ENGINE,True,www.google.com,https://www.google.com/search?q=mutazioni+snp+metodi+di+identificazione&rlz=1C1GCEA_en&oq=mutazioni+snp+metodi+di+identificazione&gs_lcrp=EgZjaHJvbWUyBggAEEUYOTIHCAEQIRigAdIBCTEwOTA0ajBqN6gCALACAA&sourceid=chrome&ie=UTF-8,link,NEW,NEW,NEW_SEARCH,38.636,0.0,READ,UNKNOWN,UNKNOWN
1012,8,2024-04-09 13:09:30.361000+00:00,SEARCH_ENGINE,False,www.google.com,https://www.google.com/search?q=mutazioni+snp+metodi+di+identificazione&rlz=1C1GCEA_en&oq=mutazioni+snp+metodi+di+identificazione&gs_lcrp=EgZjaHJvbWUyBggAEEUYOTIHCAEQIRigAdIBCTEwOTA0ajBqN6gCALACAA&sourceid=chrome&ie=UTF-8#ip=1,link,SAME,SAME,SAME_SEARCH,91.158,0.0,READ,UNKNOWN,UNKNOWN
1012,8,2024-04-09 13:11:01.519000+00:00,SEARCH_ENGINE,False,www.google.com,https://www.google.com/search?q=polimerasi+&safe=active&sca_esv=1fd21f177eb912ee&sca_upv=1&rlz=1C1GCEA_en&ei=UT4VZtmVDNCthbIPg-SEsA4&ved=0ahUKEwiZgoqxmrWFAxXQVkEAHQMyAeYQ4dUDCBA&uact=5&oq=polimerasi+&gs_lp=Egxnd3Mtd2l6LXNlcnAiC3BvbGltZXJhc2kgMgkQABiABBgTGAoyCRAAGIAEGBMYCjIHEAAYgAQYEzIIEAAYHhgTGAoyBhAAGB4YEzIIEAAYHhgTGAoyBhAAGB4YEzIGEAAYHhgTMgYQABgeGBMyBhAAGB4YE0jqQFAAWIEdcAJ4AJABAJgBbaAB-giqAQM3LjW4AQPIAQD4AQGYAg6gAuIJqAIKwgIgEAAYgAQYigUY5QIY5QIY6gIYtAIYigMYtwMY1APYAQHCAhYQABgDGI8BGOUCGOoCGLQCGIwD2AECwgIWEC4YAxiPARjlAhjqAhi0AhiMA9gBAsICEBAuGIAEGIoFGEMYxwEY0QPCAhEQLhiABBixAxiDARjHARjRA8ICCxAAGIAEGLEDGIMBwgIIEAAYgAQYsQPCAg4QLhiABBiKBRixAxiDAcICCxAuGIAEGLEDGIMBwgIfEC4YgAQYigUYQxjHARjRAxiXBRjcBBjeBBjgBNgBA8ICChAAGIAEGIoFGEPCAgoQLhiABBiKBRhDwgIOEAAYgAQYsQMYgwEYyQPCAgsQABiABBiKBRiSA8ICCxAAGIAEGJIDGLgEwgINEAAYgAQYigUYQxixA8ICDRAAGIAEGAoYsQMYgwHCAgoQABiABBgKGLEDwgIFEAAYgATCAhAQABiABBiKBRgKGLEDGIMBwgIHEAAYgAQYCpgDCLoGBAgBGAe6BgQIAhgKugYGCAMQARgUkgcDNi44oAfMZg&sclient=gws-wiz-serp,link,SAME,NEW,NEW_SEARCH_SAME_ENGINE,6.337,0.0,SKIM,UNKNOWN,UNKNOWN
1012,8,2024-04-09 13:11:07.856000+00:00,RESULT,False,it.wikipedia.org,https://it.wikipedia.org/wiki/Polimerasi,link,NEW,UNKNOWN,NEW_RESULT,128.551,0.0,ANALYZE,UNKNOWN,UNKNOWN
1012,8,2024-04-09 13:13:16.407000+00:00,SEARCH_ENGINE,True,www.google.com,https://www.google.com/search?q=polimerasi+&safe=active&sca_esv=1fd21f177eb912ee&sca_upv=1&rlz=1C1GCEA_en&ei=UT4VZtmVDNCthbIPg-SEsA4&ved=0ahUKEwiZgoqxmrWFAxXQVkEAHQMyAeYQ4dUDCBA&uact=5&oq=polimerasi+&gs_lp=Egxnd3Mtd2l6LXNlcnAiC3BvbGltZXJhc2kgMgkQABiABBgTGAoyCRAAGIAEGBMYCjIHEAAYgAQYEzIIEAAYHhgTGAoyBhAAGB4YEzIIEAAYHhgTGAoyBhAAGB4YEzIGEAAYHhgTMgYQABgeGBMyBhAAGB4YE0jqQFAAWIEdcAJ4AJABAJgBbaAB-giqAQM3LjW4AQPIAQD4AQGYAg6gAuIJqAIKwgIgEAAYgAQYigUY5QIY5QIY6gIYtAIYigMYtwMY1APYAQHCAhYQABgDGI8BGOUCGOoCGLQCGIwD2AECwgIWEC4YAxiPARjlAhjqAhi0AhiMA9gBAsICEBAuGIAEGIoFGEMYxwEY0QPCAhEQLhiABBixAxiDARjHARjRA8ICCxAAGIAEGLEDGIMBwgIIEAAYgAQYsQPCAg4QLhiABBiKBRixAxiDAcICCxAuGIAEGLEDGIMBwgIfEC4YgAQYigUYQxjHARjRAxiXBRjcBBjeBBjgBNgBA8ICChAAGIAEGIoFGEPCAgoQLhiABBiKBRhDwgIOEAAYgAQYsQMYgwEYyQPCAgsQABiABBiKBRiSA8ICCxAAGIAEGJIDGLgEwgINEAAYgAQYigUYQxixA8ICDRAAGIAEGAoYsQMYgwHCAgoQABiABBgKGLEDwgIFEAAYgATCAhAQABiABBiKBRgKGLEDGIMBwgIHEAAYgAQYCpgDCLoGBAgBGAe6BgQIAhgKugYGCAMQARgUkgcDNi44oAfMZg&sclient=gws-wiz-serp,back,SAME,SAME,SAME_SEARCH,5.419,0.0,SKIM,UNKNOWN,UNKNOWN
1012,8,2024-04-09 13:13:21.826000+00:00,RESULT,False,it.wikipedia.org,https://it.wikipedia.org/wiki/DNA_polimerasi_(DNA-dipendente),back,SEEN,UNKNOWN,SEEN_DOMAIN_RESULT,15.952,0.0,SCAN,UNKNOWN,UNKNOWN
1012,8,2024-04-09 13:13:37.778000+00:00,RESULT,False,it.wikipedia.org,https://it.wikipedia.org/wiki/DNA_polimerasi_(DNA-dipendente),back,SAME,UNKNOWN,SAME_DOMAIN_RESULT,84.968,0.0,ANALYZE,UNKNOWN,UNKNOWN
1012,8,2024-04-09 13:15:02.746000+00:00,SEARCH_ENGINE,True,www.google.com,https://www.google.com/search?q=polimerasi+mutazioni+genetiche&rlz=1C1GCEA_en&oq=polimerasi+mutazioni+genetiche&gs_lcrp=EgZjaHJvbWUyBggAEEUYOTIHCAEQIRigAdIBCDY4NDFqMGo0qAIAsAIB&sourceid=chrome&ie=UTF-8,link,SAME,NEW,NEW_SEARCH_SAME_ENGINE,57.02,0.0,READ,UNKNOWN,UNKNOWN
1012,8,2024-04-09 13:15:59.766000+00:00,RESULT,False,fs1.lic.ti-edu.ch,file://fs1.lic.ti-edu.ch/Homes/argentam/WINDOWS/Downloads/Prof._Giordani_-_PCR%20(2).pdf,link,NEW,UNKNOWN,NEW_RESULT,149.314,0.0,ANALYZE,UNKNOWN,UNKNOWN
1012,8,2024-04-09 13:18:29.080000+00:00,SEARCH_ENGINE,True,www.google.com,https://www.google.com/search?q=polimerasi+mutazioni+genetiche&rlz=1C1GCEA_en&oq=polimerasi+mutazioni+genetiche&gs_lcrp=EgZjaHJvbWUyBggAEEUYOTIHCAEQIRigAdIBCDY4NDFqMGo0qAIAsAIB&sourceid=chrome&ie=UTF-8#ip=1,link,SAME,SAME,SAME_SEARCH,11.212,0.0,SCAN,UNKNOWN,UNKNOWN
1012,8,2024-04-09 13:18:40.292000+00:00,RESULT,False,www.skuola.net,https://www.skuola.net/biologia/genetica/sintesi-proteine-mutazioni-genetiche.html,link,NEW,UNKNOWN,NEW_RESULT,7.158,0.0,SCREEN,UNKNOWN,UNKNOWN
1012,8,2024-04-09 13:18:47.450000+00:00,SEARCH_ENGINE,True,www.google.com,https://www.google.com/search?q=polimerasi+mutazioni+genetiche&rlz=1C1GCEA_en&oq=polimerasi+mutazioni+genetiche&gs_lcrp=EgZjaHJvbWUyBggAEEUYOTIHCAEQIRigAdIBCDY4NDFqMGo0qAIAsAIB&sourceid=chrome&ie=UTF-8#ip=1,back,SAME,SAME,SAME_SEARCH,17.263,0.0,READ,UNKNOWN,UNKNOWN
1012,8,2024-04-09 13:19:04.713000+00:00,SEARCH_ENGINE,False,www.google.com,https://www.google.com/search?q=pcr+e+gel&rlz=1C1GCEA_en&oq=pcr+e+gel&gs_lcrp=EgZjaHJvbWUyBggAEEUYOTIICAEQABgWGB4yCggCEAAYCBgNGB4yCggDEAAYCBgNGB4yCggEEAAYCBgNGB4yCggFEAAYCBgNGB4yCggGEAAYCBgNGB4yCggHEAAYCBgNGB4yCggIEAAYCBgNGB4yCggJEAAYCBgNGB7SAQg3NjExajBqOagCALACAQ&sourceid=chrome&ie=UTF-8,link,SAME,NEW,NEW_SEARCH_SAME_ENGINE,25.998,0.0,READ,UNKNOWN,UNKNOWN
1012,8,2024-04-09 13:19:30.711000+00:00,SEARCH_ENGINE,False,www.google.com,https://www.google.com/search?q=pcr+e+eletroforense+gel+gel&safe=active&sca_esv=1fd21f177eb912ee&sca_upv=1&rlz=1C1GCEA_en&ei=SEAVZvKEDPeHhbIPh_qhgAY&ved=0ahUKEwjyyPagnLWFAxX3Q0EAHQd9CGAQ4dUDCBA&uact=5&oq=pcr+e+eletroforense+gel+gel&gs_lp=Egxnd3Mtd2l6LXNlcnAiG3BjciBlIGVsZXRyb2ZvcmVuc2UgZ2VsIGdlbDIKECEYChigARjDBEjTQFCsCVioP3ADeAGQAQCYAe8BoAG_FKoBBjIuMTcuMbgBA8gBAPgBAZgCEaACuw3CAgoQABhHGNYEGLADwgIGEAAYBxgewgIGEAAYHhgNwgIIEAAYBRgeGA3CAggQABgIGB4YDcICCBAAGAgYBxgewgIIEAAYgAQYogTCAggQIRigARjDBMICBhAhGAoYCpgDAIgGAZAGCJIHBDQuMTOgB9pM&sclient=gws-wiz-serp,link,SAME,NEW,NEW_SEARCH_SAME_ENGINE,7.124,0.0,SCAN,UNKNOWN,UNKNOWN
1012,8,2024-04-09 13:19:37.835000+00:00,SEARCH_ENGINE,False,www.google.com,https://www.google.com/search?q=pcr+e+eletroforense+gel&safe=active&sca_esv=1fd21f177eb912ee&sca_upv=1&rlz=1C1GCEA_en&ei=YkAVZvzJBdX_7_UPnt2HyAg&ved=0ahUKEwj8gqOtnLWFAxXV_7sIHZ7uAYkQ4dUDCBA&uact=5&oq=pcr+e+eletroforense+gel&gs_lp=Egxnd3Mtd2l6LXNlcnAiF3BjciBlIGVsZXRyb2ZvcmVuc2UgZ2VsMggQABiABBiiBDIIEAAYgAQYogQyCBAAGIAEGKIESMYnUM8EWIsmcAJ4AZABAJgBrAGgAYwEqgEDMS4zuAEDyAEA-AEBmAIEoALiAcICChAAGEcY1gQYsAOYAwCIBgGQBgiSBwMyLjKgB_oL&sclient=gws-wiz-serp,link,SAME,REFINE,REFINE_SEARCH,31.845,0.0,READ,UNKNOWN,UNKNOWN
1012,8,2024-04-09 13:20:09.680000+00:00,SEARCH_ENGINE,False,www.google.com,https://www.google.com/search?safe=active&sca_esv=1fd21f177eb912ee&sca_upv=1&rlz=1C1GCEA_en&q=pcr+e+elektrophorese+gel&spell=1&sa=X&ved=2ahUKEwiBqd-wnLWFAxWx_7sIHXm1ChYQBSgAegQICBAC&biw=868&bih=800&dpr=1,link,SAME,REFINE,REFINE_SEARCH,19.799,0.0,READ,UNKNOWN,UNKNOWN
1012,8,2024-04-09 13:20:29.479000+00:00,RESULT,False,context.reverso.net,https://context.reverso.net/traduzione/inglese-italiano/gel+electrophoresis,link,NEW,UNKNOWN,NEW_RESULT,12.866,0.0,SCAN,UNKNOWN,UNKNOWN
1012,8,2024-04-09 13:20:42.345000+00:00,SEARCH_ENGINE,True,www.google.com,https://www.google.com/search?q=pcr+e+eletroforesi+su+gel&rlz=1C1GCEA_en&oq=pcr+e+eletroforesi+su+gel&gs_lcrp=EgZjaHJvbWUyBggAEEUYOTIICAEQABgNGB7SAQg2NTAyajBqNKgCALACAQ&sourceid=chrome&ie=UTF-8,link,SAME,REFINE,REFINE_SEARCH,30.417,0.0,READ,UNKNOWN,UNKNOWN
1012,8,2024-04-09 13:21:12.762000+00:00,SEARCH_ENGINE,False,www.google.com,https://www.google.com/search?q=pcr+e+snp&rlz=1C1GCEA_en&oq=pcr+e+snp&gs_lcrp=EgZjaHJvbWUyBggAEEUYOTIHCAEQIRigATIHCAIQIRigATIHCAMQIRigAdIBCDMwMTdqMGo5qAIAsAIB&sourceid=chrome&ie=UTF-8,link,SAME,NEW,NEW_SEARCH_SAME_ENGINE,8.495,0.0,SCAN,UNKNOWN,UNKNOWN
1012,8,2024-04-09 13:21:21.257000+00:00,RESULT,False,www.ncbi.nlm.nih.gov,https://www.ncbi.nlm.nih.gov/pmc/articles/PMC137182/,link,NEW,UNKNOWN,NEW_RESULT,260.911,0.0,ANALYZE,UNKNOWN,UNKNOWN
1012,8,2024-04-09 13:25:42.168000+00:00,NEW_TAB,False,newtab,chrome://newtab/,typed,SEEN,UNKNOWN,NEW_TAB,10.743,0.0,UNKNOWN,UNKNOWN,UNKNOWN
1012,8,2024-04-09 13:25:52.911000+00:00,SEARCH_ENGINE,True,www.google.com,https://www.google.com/search?q=metodo+pcr+per+snp&rlz=1C1GCEA_en&oq=metodo+pcr+per+snp&gs_lcrp=EgZjaHJvbWUyBggAEEUYOTIHCAEQIRigAdIBCTEwNTIzajBqN6gCALACAA&sourceid=chrome&ie=UTF-8,link,SAME,REFINE,REFINE_SEARCH,24.519,0.0,READ,UNKNOWN,UNKNOWN
1012,8,2024-04-09 13:26:17.430000+00:00,RESULT,False,www.unife.it,https://www.unife.it/sveb/biotecnologie/insegnamenti/minisiti-anni-precedenti/c-i-tecnologie-biochimiche-e-ricombinanti/modulo-tecnologie-molecolari-e-ricombinanti/lezione-5,link,NEW,UNKNOWN,NEW_RESULT,16.719,0.0,SCAN,UNKNOWN,UNKNOWN
1012,8,2024-04-09 13:26:34.149000+00:00,SEARCH_ENGINE,True,www.google.com,https://www.google.com/search?q=metodo+pcr+per+snp&rlz=1C1GCEA_en&oq=metodo+pcr+per+snp&gs_lcrp=EgZjaHJvbWUyBggAEEUYOTIHCAEQIRigAdIBCTEwNTIzajBqN6gCALACAA&sourceid=chrome&ie=UTF-8,back,SAME,SAME,SAME_SEARCH,34.69,0.0,READ,UNKNOWN,UNKNOWN
1012,8,2024-04-09 13:27:08.839000+00:00,SEARCH_ENGINE,False,www.google.com,https://www.google.com/search?q=pcr+e+snp&safe=active&sca_esv=1fd21f177eb912ee&sca_upv=1&rlz=1C1GCEA_en&ei=4EEVZo7-E7Wp9u8P3eCtqA0&ved=0ahUKEwiO7sTjnbWFAxW1lP0HHV1wC9UQ4dUDCBA&uact=5&oq=pcr+e+snp&gs_lp=Egxnd3Mtd2l6LXNlcnAiCXBjciBlIHNucDIFECEYoAEyBRAhGJ8FMgUQIRifBTIFECEYnwUyBRAhGJ8FSMK5AVAAWOS3AXACeAGQAQGYAYoIoAGSEaoBCTEuNy4xLjctMbgBA8gBAPgBAZgCC6ACyQmoAgrCAiAQABiABBiKBRjlAhjlAhjqAhi0AhiKAxi3AxjUA9gBAcICFhAAGAMYjwEY5QIY6gIYtAIYjAPYAQLCAhYQLhgDGI8BGOUCGOoCGLQCGIwD2AECwgIKEAAYgAQYigUYQ8ICERAuGIAEGLEDGIMBGMcBGNEDwgILEAAYgAQYsQMYgwHCAggQABiABBixA8ICDhAuGIAEGIoFGLEDGIMBwgINEAAYgAQYigUYQxixA8ICEBAAGIAEGIoFGEMYsQMYgwHCAgUQABiABMICCxAuGIAEGMcBGNEDwgIHEAAYgAQYE8ICDRAuGIAEGBMYxwEYrwHCAgYQABgWGB7CAggQABgWGB4YCsICCBAAGAgYHhgNwgIHECEYChigAZgDCLoGBAgBGAe6BgQIAhgKkgcFMy43LjGgB6c2&sclient=gws-wiz-serp,back,SAME,SEEN,SEEN_SEARCH,12.762,0.0,SCAN,UNKNOWN,UNKNOWN
1012,8,2024-04-09 13:27:21.601000+00:00,SEARCH_ENGINE,False,www.google.com,https://www.google.com/search?q=pubmed&rlz=1C1GCEA_en&oq=pubmed&gs_lcrp=EgZjaHJvbWUyEQgAEEUYORhDGLEDGIAEGIoFMgwIARAAGEMYgAQYigUyCggCEAAYsQMYgAQyDAgDEAAYQxiABBiKBTIHCAQQABiABDIHCAUQABiABDIHCAYQABiABDIGCAcQBRhAqAIAsAIB&sourceid=chrome&ie=UTF-8,generated,SAME,NEW,NEW_SEARCH_SAME_ENGINE,1.858,0.0,BOUNCE,UNKNOWN,UNKNOWN
1012,8,2024-04-09 13:27:23.459000+00:00,RESULT,False,pubmed.ncbi.nlm.nih.gov,https://pubmed.ncbi.nlm.nih.gov/,link,NEW,UNKNOWN,NEW_RESULT,4.512,0.0,SCREEN,UNKNOWN,UNKNOWN
1012,8,2024-04-09 13:27:27.971000+00:00,RESULT,False,pubmed.ncbi.nlm.nih.gov,https://pubmed.ncbi.nlm.nih.gov/advanced/,link,SAME,UNKNOWN,SAME_DOMAIN_RESULT,19.28,0.0,SCAN,UNKNOWN,UNKNOWN
1012,8,2024-04-09 13:27:47.251000+00:00,NEW_TAB,False,newtab,chrome://newtab/,typed,SEEN,UNKNOWN,NEW_TAB,5.878,0.0,UNKNOWN,UNKNOWN,UNKNOWN
1012,8,2024-04-09 13:27:53.129000+00:00,SEARCH_ENGINE,True,www.google.com,https://www.google.com/search?q=gel+elettroforense+in+inglese&rlz=1C1GCEA_en&oq=gel+elettroforense+in+inglese&gs_lcrp=EgZjaHJvbWUyBggAEEUYOTIJCAEQIRgKGKAB0gEINjE5MGowajeoAgCwAgA&sourceid=chrome&ie=UTF-8,link,SAME,NEW,NEW_SEARCH_SAME_ENGINE,44.943,0.0,READ,UNKNOWN,UNKNOWN
1012,8,2024-04-09 13:28:38.072000+00:00,RESULT,False,context.reverso.net,https://context.reverso.net/traduzione/italiano-inglese/elettroforesi+su+gel,link,SEEN,UNKNOWN,SEEN_DOMAIN_RESULT,21.307,0.0,SCAN,UNKNOWN,UNKNOWN
1012,8,2024-04-09 13:28:59.379000+00:00,RESULT,False,pubmed.ncbi.nlm.nih.gov,https://pubmed.ncbi.nlm.nih.gov/?term=%28%28pcr%29+AND+%28snp%29%29+AND+%28electrophoresis%29&sort=,link,SEEN,UNKNOWN,SEEN_DOMAIN_RESULT,27.506,0.0,SCAN,UNKNOWN,UNKNOWN
1012,8,2024-04-09 13:29:26.885000+00:00,RESULT,False,pubmed.ncbi.nlm.nih.gov,https://pubmed.ncbi.nlm.nih.gov/19768609/,link,SAME,UNKNOWN,SAME_DOMAIN_RESULT,38.321,0.0,READ,UNKNOWN,UNKNOWN
1012,8,2024-04-09 13:30:05.206000+00:00,SEARCH_ENGINE,True,www.google.com,https://www.google.com/search?q=pcr+metodo+snp&rlz=1C1GCEA_en&oq=pcr+metodo+snp&gs_lcrp=EgZjaHJvbWUyBggAEEUYOTIHCAEQIRigATIHCAIQIRigATIHCAMQIRigATIHCAQQIRigAdIBCDk3MzdqMGo0qAIAsAIB&sourceid=chrome&ie=UTF-8,link,SAME,NEW,NEW_SEARCH_SAME_ENGINE,3.317,0.0,SKIM,UNKNOWN,UNKNOWN
1012,8,2024-04-09 13:30:08.523000+00:00,RESULT,False,www.ncbi.nlm.nih.gov,https://www.ncbi.nlm.nih.gov/pmc/articles/PMC8196326/,link,SEEN,UNKNOWN,SEEN_DOMAIN_RESULT,17.139,0.0,SCAN,UNKNOWN,UNKNOWN
1012,8,2024-04-09 13:30:25.662000+00:00,NEW_TAB,False,newtab,chrome://newtab/,typed,SEEN,UNKNOWN,NEW_TAB,7.36,0.0,UNKNOWN,UNKNOWN,UNKNOWN
1012,8,2024-04-09 13:30:33.022000+00:00,SEARCH_ENGINE,True,www.google.com,https://www.google.com/search?q=traduttore+inglese+italiano&rlz=1C1GCEA_en&oq=tradttore+ingle&gs_lcrp=EgZjaHJvbWUqDwgBEAAYDRiDARixAxiABDIGCAAQRRg5Mg8IARAAGA0YgwEYsQMYgAQyCQgCEAAYDRiABDIJCAMQABgNGIAEMgkIBBAAGA0YgAQyCQgFEAAYDRiABDIJCAYQABgNGIAEMgkIBxAAGA0YgAQyCQgIEAAYDRiABDIJCAkQABgNGIAE0gEINjgyOWowajeoAgCwAgA&sourceid=chrome&ie=UTF-8,link,SAME,NEW,NEW_SEARCH_SAME_ENGINE,335.044,0.0,READ,UNKNOWN,UNKNOWN
1012,8,2024-04-09 13:36:08.066000+00:00,RESULT,False,pubmed.ncbi.nlm.nih.gov,https://pubmed.ncbi.nlm.nih.gov/15203335/,link,SEEN,UNKNOWN,SEEN_DOMAIN_RESULT,71.646,0.0,READ,UNKNOWN,UNKNOWN
1012,8,2024-04-09 13:37:19.712000+00:00,RESULT,False,www.sciencedirect.com,https://www.sciencedirect.com/science/article/abs/pii/S0003269704002672?via%3Dihub,link,NEW,UNKNOWN,NEW_RESULT,59.839,0.0,READ,UNKNOWN,UNKNOWN
1012,8,2024-04-09 13:38:19.551000+00:00,SEARCH_ENGINE,True,www.google.com,https://www.google.com/search?q=moodle&rlz=1C1GCEA_en&oq=moo&gs_lcrp=EgZjaHJvbWUqDQgBEAAYgwEYsQMYgAQyBggAEEUYOTINCAEQABiDARixAxiABDINCAIQABiDARixAxiABDIHCAMQABiABDIHCAQQABiABDIHCAUQABiABDIHCAYQABiABDIGCAcQRRg80gEIMzA4MGowajSoAgCwAgE&sourceid=chrome&ie=UTF-8,link,SAME,NEW,NEW_SEARCH_SAME_ENGINE,1.145,0.0,BOUNCE,UNKNOWN,UNKNOWN
1012,8,2024-04-09 13:38:20.696000+00:00,RESULT,False,moodle.edu.ti.ch,https://moodle.edu.ti.ch/,link,NEW,UNKNOWN,NEW_RESULT,5.522,0.0,SCREEN,UNKNOWN,UNKNOWN
1012,8,2024-04-09 13:38:26.218000+00:00,RESULT,False,moodle.edu.ti.ch,https://moodle.edu.ti.ch/libe/login/index.php,link,SAME,UNKNOWN,SAME_DOMAIN_RESULT,13.095,0.0,SCAN,UNKNOWN,UNKNOWN
1012,8,2024-04-09 13:38:39.313000+00:00,RESULT,False,moodle.edu.ti.ch,https://moodle.edu.ti.ch/libe/,form_submit,SAME,UNKNOWN,SAME_DOMAIN_RESULT,7.085,0.0,SCREEN,UNKNOWN,UNKNOWN
1012,8,2024-04-09 13:38:46.398000+00:00,RESULT,False,moodle.edu.ti.ch,https://moodle.edu.ti.ch/libe/message/output/popup/notifications.php?notificationid=292312&offset=0,link,SAME,UNKNOWN,SAME_DOMAIN_RESULT,45.997,0.0,READ,UNKNOWN,UNKNOWN
1012,8,2024-04-09 13:39:32.395000+00:00,RESULT,False,moodle.edu.ti.ch,https://moodle.edu.ti.ch/libe/,link,SAME,UNKNOWN,SAME_DOMAIN_RESULT,8.77,0.0,SCREEN,UNKNOWN,UNKNOWN
1012,8,2024-04-09 13:39:41.165000+00:00,RESULT,False,moodle.edu.ti.ch,https://moodle.edu.ti.ch/libe/course/index.php?categoryid=28,link,SAME,UNKNOWN,SAME_DOMAIN_RESULT,2.47,0.0,BOUNCE,UNKNOWN,UNKNOWN
1012,8,2024-04-09 13:39:43.635000+00:00,RESULT,False,moodle.edu.ti.ch,https://moodle.edu.ti.ch/libe/course/index.php?categoryid=299,link,SAME,UNKNOWN,SAME_DOMAIN_RESULT,1.551,0.0,BOUNCE,UNKNOWN,UNKNOWN
1012,8,2024-04-09 13:39:45.186000+00:00,RESULT,False,moodle.edu.ti.ch,https://moodle.edu.ti.ch/libe/course/view.php?id=1433,link,SAME,UNKNOWN,SAME_DOMAIN_RESULT,4.738,0.0,SCREEN,UNKNOWN,UNKNOWN
1012,8,2024-04-09 13:39:49.924000+00:00,RESULT,False,moodle.edu.ti.ch,https://moodle.edu.ti.ch/libe/pluginfile.php/121099/mod_resource/content/1/Capitolo%20Campbel%20Tecnologia%20DNA%20ricombinante%20e%20genomica.pdf,link,SAME,UNKNOWN,SAME_DOMAIN_RESULT,867.194,0.0,ANALYZE,UNKNOWN,UNKNOWN
1012,8,2024-04-09 13:54:17.118000+00:00,SEARCH_ENGINE,True,www.google.com,https://www.google.com/search?q=associazione+snp+a+sistema+immunitario&rlz=1C1GCEA_en&oq=associazione+snp+a+sistema+immunitario&gs_lcrp=EgZjaHJvbWUyBggAEEUYOTIJCAEQIRgKGKABMgkIAhAhGAoYoAHSAQkxNDkxMGowajSoAgCwAgE&sourceid=chrome&ie=UTF-8,link,SAME,NEW,NEW_SEARCH_SAME_ENGINE,16.62,0.0,READ,UNKNOWN,UNKNOWN
1012,8,2024-04-09 13:54:33.738000+00:00,RESULT,False,www.fedoa.unina.it,http://www.fedoa.unina.it/2540/1/tesi.pdf,link,NEW,UNKNOWN,NEW_RESULT,10.17,0.0,SCREEN,UNKNOWN,UNKNOWN
1012,8,2024-04-09 13:54:43.908000+00:00,NEW_TAB,False,newtab,chrome://newtab/,typed,SEEN,UNKNOWN,NEW_TAB,2.455,0.0,UNKNOWN,UNKNOWN,UNKNOWN
1012,8,2024-04-09 13:54:46.363000+00:00,SEARCH_ENGINE,True,www.google.com,https://www.google.com/search?q=moodle&rlz=1C1GCEA_en&oq=moodle&gs_lcrp=EgZjaHJvbWUqFAgAEEUYOxhDGIMBGLEDGIAEGIoFMhQIABBFGDsYQxiDARixAxiABBiKBTIGCAEQRRhAMgcIAhAAGIAEMgcIAxAAGIAEMgYIBBBFGDwyBggFEEUYPDIGCAYQRRg8MgYIBxBFGDzSAQgyOTczajBqN6gCALACAA&sourceid=chrome&ie=UTF-8,link,SAME,SEEN,SEEN_SEARCH,2.261,0.0,SKIM,UNKNOWN,UNKNOWN
1012,8,2024-04-09 13:54:48.624000+00:00,RESULT,False,moodle.edu.ti.ch,https://moodle.edu.ti.ch/,link,SEEN,UNKNOWN,SEEN_DOMAIN_RESULT,21.455,0.0,SCAN,UNKNOWN,UNKNOWN
1012,8,2024-04-09 13:55:10.079000+00:00,RESULT,False,moodle.edu.ti.ch,https://moodle.edu.ti.ch/libe/login/index.php,link,SAME,UNKNOWN,SAME_DOMAIN_RESULT,1.777,0.0,BOUNCE,UNKNOWN,UNKNOWN
1012,8,2024-04-09 13:55:11.856000+00:00,RESULT,False,moodle.edu.ti.ch,https://moodle.edu.ti.ch/libe/?,form_submit,SAME,UNKNOWN,SAME_DOMAIN_RESULT,23.837,0.0,SCAN,UNKNOWN,UNKNOWN
1012,8,2024-04-09 13:55:35.693000+00:00,RESULT,False,moodle.edu.ti.ch,https://moodle.edu.ti.ch/libe/course/index.php?categoryid=28,link,SAME,UNKNOWN,SAME_DOMAIN_RESULT,2.986,0.0,BOUNCE,UNKNOWN,UNKNOWN
1012,8,2024-04-09 13:55:38.679000+00:00,RESULT,False,moodle.edu.ti.ch,https://moodle.edu.ti.ch/libe/course/index.php?categoryid=299,link,SAME,UNKNOWN,SAME_DOMAIN_RESULT,2.039,0.0,BOUNCE,UNKNOWN,UNKNOWN
1012,8,2024-04-09 13:55:40.718000+00:00,RESULT,False,moodle.edu.ti.ch,https://moodle.edu.ti.ch/libe/course/view.php?id=1433,link,SAME,UNKNOWN,SAME_DOMAIN_RESULT,6.382,0.0,SCREEN,UNKNOWN,UNKNOWN
1012,8,2024-04-09 13:55:47.100000+00:00,RESULT,False,moodle.edu.ti.ch,https://moodle.edu.ti.ch/libe/mod/forum/view.php?id=65044,link,SAME,UNKNOWN,SAME_DOMAIN_RESULT,3.552,0.0,SCREEN,UNKNOWN,UNKNOWN
1012,8,2024-04-09 13:55:50.652000+00:00,RESULT,False,moodle.edu.ti.ch,https://moodle.edu.ti.ch/libe/mod/forum/discuss.php?d=6953,link,SAME,UNKNOWN,SAME_DOMAIN_RESULT,64.568,0.0,READ,UNKNOWN,UNKNOWN
1012,8,2024-04-09 13:56:55.220000+00:00,RESULT,False,moodle.edu.ti.ch,https://moodle.edu.ti.ch/libe/,link,SAME,UNKNOWN,SAME_DOMAIN_RESULT,2.266,0.0,BOUNCE,UNKNOWN,UNKNOWN
1012,8,2024-04-09 13:56:57.486000+00:00,RESULT,False,moodle.edu.ti.ch,https://moodle.edu.ti.ch/libe/course/index.php?categoryid=28,link,SAME,UNKNOWN,SAME_DOMAIN_RESULT,3.99,0.0,SCREEN,UNKNOWN,UNKNOWN
1012,8,2024-04-09 13:57:01.476000+00:00,RESULT,False,moodle.edu.ti.ch,https://moodle.edu.ti.ch/libe/course/view.php?id=1433,link,SAME,UNKNOWN,SAME_DOMAIN_RESULT,147.068,0.0,ANALYZE,UNKNOWN,UNKNOWN
1012,8,2024-04-09 13:59:28.544000+00:00,RESULT,False,moodle.edu.ti.ch,https://moodle.edu.ti.ch/libe/course/view.php?id=1433,reload,SAME,UNKNOWN,SAME_DOMAIN_RESULT,3.0,0.0,SCREEN,UNKNOWN,UNKNOWN
1012,8,2024-04-09 13:59:31.544000+00:00,SYSTEM,True,SEARCH_ENDED,SEARCH_ENDED,generated,UNKNOWN,UNKNOWN,SEARCH_ENDED,320.324,0.0,UNKNOWN,SYSTEM,SYSTEM
1012,8,2024-04-09 14:04:51.868000+00:00,SYSTEM,False,POST_SURVEY_STARTED,POST_SURVEY_STARTED,generated,UNKNOWN,UNKNOWN,POST_SURVEY_STARTED,98.246,0.0,UNKNOWN,SYSTEM,SYSTEM
1012,8,2024-04-09 14:06:30.114000+00:00,SYSTEM,False,POST_SURVEY_ENDED,POST_SURVEY_ENDED,generated,UNKNOWN,UNKNOWN,POST_SURVEY_ENDED,0.003,0.0,UNKNOWN,SYSTEM,SYSTEM
1012,8,2024-04-09 14:06:30.117000+00:00,SYSTEM,False,TASK_ENDED,TASK_ENDED,generated,UNKNOWN,UNKNOWN,TASK_ENDED,0.0,0.0,UNKNOWN,SYSTEM,SYSTEM
